id,name,description,dob,gender,type
97,Rocky,A brown Chihuahua,1/28/19,m,dog
87,Bailey,A tan Dachshund,3/22/22,m,dog
89,Charlie,A black Bulldog,8/26/21,m,dog
67,Cooper,A tan Boxer Mix,12/22/11,f,dog
73,Max,A brindle Dachshund,12/7/21,m,dog
3,Buddy,A Poodle mix,10/30/13,m,dog
93,Duke,A white German Shepherd,3/19/17,m,dog
63,Jasper,A grey Shih Tzu,1/5/16,m,dog
69,Toby,A grey Doberman,12/31/08,m,dog
101,Nala,A spotted Great Dane,7/30/20,f,dog
61,Penny,A white Great Pyrenees,5/7/14,f,dog
1,Bella,A golden Poodle,1/7/20,f,dog
91,Willow,A brindle Greyhound,11/15/11,f,dog
5,Daisy,A spotted Pointer,7/31/21,f,dog
95,Mia,A grey Great Dane,11/3/20,f,dog
71,Molly,A golden Chihuahua,3/22/14,f,dog
65,Ruby,A white Great Dane,11/7/21,f,dog
45,Prancer,"A demonic, neurotic Chihuahua",12/19/08,m,dog
102,Whiskers,A fluffy ginger Tabby,4/12/20,m,cat
103,Luna,A sleek black Bombay cat,9/15/18,f,cat
104,Oliver,An orange Persian mix,2/28/21,m,cat
105,Cleo,A vocal Siamese cat,6/10/17,f,cat
106,Milo,A playful calico cat,11/4/22,m,cat
107,Shadow,A quiet grey Russian Blue,8/19/19,m,cat
108,Willow,A fluffy white Ragdoll,1/3/16,f,cat
109,Felix,A tuxedo cat with white paws,5/24/15,m,cat
110,Hazel,A tortie cat who loves naps,10/11/20,f,cat
111,Simba,A large Maine Coon,3/7/18,m,cat
112,Chloe,A shy cream British Shorthair,12/1/21,f,cat
113,Jasper,An energetic Bengal cat,7/14/19,m,cat
114,Bella,A sweet grey Scottish Fold,4/22/23,f,cat
115,Ziggy,A curious hairless Sphynx,2/18/17,m,cat
116,Mittens,"A vocal, chaotic tabby cat",8/30/14,f,cat